src_id,trg_id,best_f1,best_prec,best_rec,best_thr,avg_prc,roc_auc,macro_F1
source_data,target_data,0.9988913525498891,0.9991682838924314,0.998614574674425,0.0008188023930415511,0.9994824337104635,0.999794134359275,0.9993137741925449
source_data,target_data,0.999307191353748,0.9994456762749445,0.999168744804655,0.0006481774616986513,0.9998011238824218,0.9999366964117299,0.9995425731711938
