src_id,trg_id,best_f1,best_prec,best_rec,best_thr,avg_prc,roc_auc,macro_F1
source_data,target_data,0.9988916597395401,0.9988916597395401,0.9988916597395401,0.0038330997340381145,0.9998360531799361,0.9999669891153249,0.9993139452970599
