src_id,trg_id,best_f1,best_prec,best_rec,best_thr,avg_prc,roc_auc,macro_F1
source_data,target_data,0.9983176312247645,0.9996630727762803,0.9969758064516129,0.045305557548999786,0.9994513530044012,0.9996722499353995,0.9989800121474954
