src_id,trg_id,best_f1,best_prec,best_rec,best_thr,avg_prc,roc_auc,macro_F1
source_data,target_data,0.9990306051793381,0.9986157253599114,0.99944582986977,0.002137276576831937,0.9995053416475583,0.9995405503951696,0.9993904015769836
