src_id,trg_id,best_f1,best_prec,best_rec,best_thr,avg_prc,roc_auc,macro_F1
source_data,target_data,0.9996301775147929,1.0,0.9992606284658041,0.10370519757270813,0.999897690443836,0.9999789758321026,0.9997322743642686
