src_id,trg_id,best_f1,best_prec,best_rec,best_thr,avg_prc,roc_auc,macro_F1
source_data,target_data,0.9951038325173054,1.0,0.990255376344086,0.10184580087661743,0.9956159363124869,0.9973483100938194,0.9972093576887135
