src_id,trg_id,total_samples,best_threshold,auroc,auprc,precision,recall,f1,accuracy,TP,TN,FP,FN
source_data,target_data,27981,2.0,0.9536312239149276,0.9416235576620354,0.9954853273137697,0.7046979865771812,0.8252245508982035,0.966620206568743,2205,24842,10,924
